{
    "ASCII Anti Aliased": true,
    "ASCII Ligatures": true,
    "Ambiguous Double Width": false,
    "Ansi 0 Color": {
        "Alpha Component": 1,
        "Blue Component": 0.12941177189350128,
        "Color Space": "sRGB",
        "Green Component": 0.125490203499794,
        "Red Component": 0.11372549086809158
    },
    "Ansi 1 Color": {
        "Alpha Component": 1,
        "Blue Component": 0.11372547596693039,
        "Color Space": "sRGB",
        "Green Component": 0.14117637276649475,
        "Red Component": 0.800000011920929
    },
    "Ansi 10 Color": {
        "Alpha Component": 1,
        "Blue Component": 0.1490195393562317,
        "Color Space": "sRGB",
        "Green Component": 0.7333332896232605,
        "Red Component": 0.721568763256073
    },
    "Ansi 11 Color": {
        "Alpha Component": 1,
        "Blue Component": 0.18431368470191956,
        "Color Space": "sRGB",
        "Green Component": 0.741176426410675,
        "Red Component": 0.9803921580314636
    },
    "Ansi 12 Color": {
        "Alpha Component": 1,
        "Blue Component": 0.5960783958435059,
        "Color Space": "sRGB",
        "Green Component": 0.6470588445663452,
        "Red Component": 0.5137255787849426
    },
    "Ansi 13 Color": {
        "Alpha Component": 1,
        "Blue Component": 0.6078431010246277,
        "Color Space": "sRGB",
        "Green Component": 0.5254901051521301,
        "Red Component": 0.8274511098861694
    },
    "Ansi 14 Color": {
        "Alpha Component": 1,
        "Blue Component": 0.48627448081970215,
        "Color Space": "sRGB",
        "Green Component": 0.7529411911964417,
        "Red Component": 0.5568627715110779
    },
    "Ansi 15 Color": {
        "Alpha Component": 1,
        "Blue Component": 0.6980392336845398,
        "Color Space": "sRGB",
        "Green Component": 0.8588235378265381,
        "Red Component": 0.9215686321258545
    },
    "Ansi 2 Color": {
        "Alpha Component": 1,
        "Blue Component": 0.10196074098348618,
        "Color Space": "sRGB",
        "Green Component": 0.5921569466590881,
        "Red Component": 0.5960785150527954
    },
    "Ansi 3 Color": {
        "Alpha Component": 1,
        "Blue Component": 0.1294117569923401,
        "Color Space": "sRGB",
        "Green Component": 0.6000000238418579,
        "Red Component": 0.8431373238563538
    },
    "Ansi 4 Color": {
        "Alpha Component": 1,
        "Blue Component": 0.5333333611488342,
        "Color Space": "sRGB",
        "Green Component": 0.5215685963630676,
        "Red Component": 0.270588219165802
    },
    "Ansi 5 Color": {
        "Alpha Component": 1,
        "Blue Component": 0.5254901647567749,
        "Color Space": "sRGB",
        "Green Component": 0.3843136429786682,
        "Red Component": 0.6941177248954773
    },
    "Ansi 6 Color": {
        "Alpha Component": 1,
        "Blue Component": 0.4156862199306488,
        "Color Space": "sRGB",
        "Green Component": 0.6156863570213318,
        "Red Component": 0.4078431725502014
    },
    "Ansi 7 Color": {
        "Alpha Component": 1,
        "Blue Component": 0.5176470279693604,
        "Color Space": "sRGB",
        "Green Component": 0.6000000834465027,
        "Red Component": 0.658823549747467
    },
    "Ansi 8 Color": {
        "Alpha Component": 1,
        "Blue Component": 0.45490187406539917,
        "Color Space": "sRGB",
        "Green Component": 0.5137255191802979,
        "Red Component": 0.5725491046905518
    },
    "Ansi 9 Color": {
        "Alpha Component": 1,
        "Blue Component": 0.20392152667045593,
        "Color Space": "sRGB",
        "Green Component": 0.28627443313598633,
        "Red Component": 0.9843137860298157
    },
    "BM Growl": false,
    "Background Color": {
        "Alpha Component": 1,
        "Blue Component": 0.12941177189350128,
        "Color Space": "sRGB",
        "Green Component": 0.125490203499794,
        "Red Component": 0.11372549086809158
    },
    "Background Image Location": "",
    "Badge Color": {
        "Alpha Component": 0.5,
        "Blue Component": 0.05490195006132126,
        "Color Space": "sRGB",
        "Green Component": 0.36470580101013184,
        "Red Component": 0.8392156958580017
    },
    "Blinking Cursor": false,
    "Blur": false,
    "Bold Color": {
        "Alpha Component": 1,
        "Blue Component": 1,
        "Color Space": "sRGB",
        "Green Component": 1,
        "Red Component": 0.9999960064888
    },
    "Character Encoding": 4,
    "Close Sessions On End": true,
    "Columns": 80,
    "Command": "",
    "Cursor Color": {
        "Alpha Component": 1,
        "Blue Component": 0.6980392336845398,
        "Color Space": "sRGB",
        "Green Component": 0.8588235378265381,
        "Red Component": 0.9215686321258545
    },
    "Cursor Guide Color": {
        "Alpha Component": 1,
        "Blue Component": 0.21176469326019287,
        "Color Space": "sRGB",
        "Green Component": 0.21960783004760742,
        "Red Component": 0.2352941930294037
    },
    "Cursor Text Color": {
        "Alpha Component": 1,
        "Blue Component": 0.12941177189350128,
        "Color Space": "sRGB",
        "Green Component": 0.125490203499794,
        "Red Component": 0.11372549086809158
    },
    "Cursor Type": 1,
    "Custom Command": "No",
    "Custom Directory": "No",
    "Default Bookmark": "No",
    "Description": "Default",
    "Disable Window Resizing": true,
    "Draw Powerline Glyphs": true,
    "Flashing Bell": false,
    "Foreground Color": {
        "Alpha Component": 1,
        "Blue Component": 0.6980392336845398,
        "Color Space": "sRGB",
        "Green Component": 0.8588235378265381,
        "Red Component": 0.9215686321258545
    },
    "Guid": "1BDCD32C-4A6C-44D0-A3DC-F8AE823F9A20",
    "Horizontal Spacing": 1,
    "Idle Code": 0,
    "Jobs to Ignore": [
        "rlogin",
        "ssh",
        "slogin",
        "telnet"
    ],
    "Keyboard Map": {
        "0x2d-0x40000": {
            "Action": 11,
            "Text": "0x1f"
        },
        "0x32-0x40000": {
            "Action": 11,
            "Text": "0x00"
        },
        "0x33-0x40000": {
            "Action": 11,
            "Text": "0x1b"
        },
        "0x34-0x40000": {
            "Action": 11,
            "Text": "0x1c"
        },
        "0x35-0x40000": {
            "Action": 11,
            "Text": "0x1d"
        },
        "0x36-0x40000": {
            "Action": 11,
            "Text": "0x1e"
        },
        "0x37-0x40000": {
            "Action": 11,
            "Text": "0x1f"
        },
        "0x38-0x40000": {
            "Action": 11,
            "Text": "0x7f"
        },
        "0xf700-0x220000": {
            "Action": 10,
            "Text": "[1;2A"
        },
        "0xf700-0x240000": {
            "Action": 10,
            "Text": "[1;5A"
        },
        "0xf700-0x260000": {
            "Action": 10,
            "Text": "[1;6A"
        },
        "0xf700-0x280000": {
            "Action": 11,
            "Text": "0x1b 0x1b 0x5b 0x41"
        },
        "0xf701-0x220000": {
            "Action": 10,
            "Text": "[1;2B"
        },
        "0xf701-0x240000": {
            "Action": 10,
            "Text": "[1;5B"
        },
        "0xf701-0x260000": {
            "Action": 10,
            "Text": "[1;6B"
        },
        "0xf701-0x280000": {
            "Action": 11,
            "Text": "0x1b 0x1b 0x5b 0x42"
        },
        "0xf702-0x220000": {
            "Action": 10,
            "Text": "[1;2D"
        },
        "0xf702-0x240000": {
            "Action": 10,
            "Text": "[1;5D"
        },
        "0xf702-0x260000": {
            "Action": 10,
            "Text": "[1;6D"
        },
        "0xf702-0x280000": {
            "Action": 11,
            "Text": "0x1b 0x1b 0x5b 0x44"
        },
        "0xf703-0x220000": {
            "Action": 10,
            "Text": "[1;2C"
        },